{"model":{"type":"LSTMTimeStep","options":{"inputSize":1,"inputRange":0,"hiddenLayers":[8],"outputSize":1,"decayRate":0.999,"smoothEps":1e-8,"regc":0.000001,"clipval":5,"maxPredictionLength":100,"dataFormatter":{"indexTable":{},"characterTable":{},"characters":[],"specialIndexes":[]}},"hiddenLayers":[{"inputMatrix":{"rows":8,"columns":1,"weights":[-0.16924507915973663,-0.03965721279382706,-0.06985414028167725,-0.09126905351877213,-0.05975942313671112,-0.2374257892370224,-0.012172180227935314,0.023578327149152756]},"inputHidden":{"rows":8,"columns":8,"weights":[-0.03191376477479935,0.04690228030085564,-0.0073575046844780445,0.07928881794214249,-0.0433180145919323,0.07911934703588486,0.0004302410234231502,0.29694145917892456,-0.05168725922703743,0.06799973547458649,0.012819432653486729,-0.025990590453147888,0.06274126470088959,0.07366880774497986,-0.062321536242961884,0.2929639518260956,-0.08582271635532379,-0.03915639966726303,-0.0385044664144516,-0.030418528243899345,0.10854710638523102,0.040501274168491364,-0.005035304464399815,0.14650586247444153,0.019036201760172844,0.02867363579571247,-0.06679745763540268,-0.030784044414758682,0.05651606246829033,0.05778353661298752,0.11787527799606323,0.23203077912330627,0.042310819029808044,-0.03855309262871742,-0.12882065773010254,-0.04074767976999283,-0.008916244842112064,0.02008904330432415,0.07482753694057465,-0.048433367162942886,0.10093531757593155,0.012615892104804516,-0.10023359954357147,0.11812389642000198,0.029158232733607292,0.2755914628505707,0.0005361557705327868,0.48471978306770325,-0.10292932391166687,0.009177280589938164,-0.1257866621017456,-0.018713679164648056,0.11402014642953873,-0.0613342709839344,0.11856500804424286,0.08848810940980911,-0.10719086974859238,0.029968006536364555,-0.07783877104520798,0.20861680805683136,-0.07733485847711563,0.5721148252487183,0.03719007968902588,0.6984501481056213]},"inputBias":{"rows":8,"columns":1,"weights":[-0.45126473903656006,-0.474107563495636,-0.3769577443599701,-0.5186443328857422,-0.4058035910129547,-0.45510879158973694,-0.36909976601600647,0.19181343913078308]},"forgetMatrix":{"rows":8,"columns":1,"weights":[0.0006790966726839542,-0.06959034502506256,-0.040671780705451965,0.035562578588724136,-0.029893063008785248,0.03751015663146973,0.026527823880314827,-0.1629886031150818]},"forgetHidden":{"rows":8,"columns":8,"weights":[0.0020462549291551113,-0.07305476069450378,0.06041453033685684,-0.014741802588105202,0.05001555010676384,0.009256716817617416,0.06424655765295029,0.09819094836711884,-0.07647612690925598,0.007465541362762451,0.06444244086742401,0.06100592389702797,0.0719224140048027,-0.046315863728523254,-0.02358514815568924,-0.0035564014688134193,0.05121676251292229,0.03820038586854935,-0.09451236575841904,-0.04105030745267868,0.037000127136707306,0.07415512949228287,0.062255118042230606,-0.0046742563135921955,0.07562050968408585,0.022585304453969002,-0.04971565678715706,0.04016970098018646,0.05786708742380142,0.029668087139725685,0.00032384233782067895,0.06374261528253555,-0.011158992536365986,0.03221159800887108,-0.000929216097574681,0.05876561254262924,-0.05252201855182648,-0.04371592402458191,0.09224186092615128,0.06213564798235893,0.05884585157036781,-0.010703963227570057,-0.04644262045621872,0.10336274653673172,-0.050210192799568176,0.06358694285154343,0.03822876140475273,0.16969016194343567,0.06671611964702606,-0.03383641317486763,-0.00035571353510022163,-0.051640477031469345,0.08616789430379868,-0.07997234165668488,0.006895938888192177,0.08426230400800705,-0.03635371848940849,-0.012928593903779984,0.015790091827511787,0.14727582037448883,0.05633639916777611,0.2102394700050354,-0.008770314045250416,0.528191328048706]},"forgetBias":{"rows":8,"columns":1,"weights":[0,0,0,0,0,0,0,0]},"outputMatrix":{"rows":8,"columns":1,"weights":[-0.09222283214330673,-0.17851276695728302,-0.13758188486099243,-0.1565628945827484,-0.16550874710083008,-0.28792524337768555,-0.13374434411525726,-0.14861835539340973]},"outputHidden":{"rows":8,"columns":8,"weights":[-0.011159248650074005,0.05568546801805496,0.038434501737356186,-0.002459026873111725,0.03953562304377556,0.07272414863109589,-0.06263895332813263,0.4277937114238739,0.07395125925540924,0.05597546696662903,-0.08952361345291138,0.08477361500263214,-0.010545876808464527,0.197348490357399,0.07728363573551178,0.36877962946891785,-0.052612029016017914,-0.03462745621800423,-0.12883368134498596,-0.05284930393099785,0.05699313059449196,0.05832340568304062,0.16551469266414642,0.06768856942653656,0.030678601935505867,0.10098589211702347,-0.011856191791594028,-0.07753972709178925,0.03511785715818405,0.0657108873128891,0.012362432666122913,0.2206445187330246,-0.016969898715615273,-0.028863942250609398,-0.08493281155824661,-0.05674011632800102,0.008411298505961895,-0.05107579380273819,0.11942477524280548,0.0685606524348259,0.04031960666179657,0.06962084025144577,-0.1085793673992157,0.12626247107982635,0.057485491037368774,0.3662407696247101,0.06700881570577621,0.6645343899726868,0.01583469845354557,-0.0017665325431153178,-0.013041847385466099,-0.06411825865507126,0.04018104821443558,-0.01703929342329502,0.08365413546562195,0.0065460205078125,0.00443546287715435,0.04044304043054581,-0.009638731367886066,0.24557596445083618,-0.0685056671500206,0.7063899040222168,0.05175888165831566,0.7911292910575867]},"outputBias":{"rows":8,"columns":1,"weights":[-0.4537629783153534,-0.4766727089881897,-0.3795539438724518,-0.5220970511436462,-0.40817272663116455,-0.4627578556537628,-0.37208765745162964,0.1595277041196823]},"cellActivationMatrix":{"rows":8,"columns":1,"weights":[-0.14166632294654846,-0.11360924690961838,-0.20868340134620667,-0.04684064909815788,0.062220703810453415,-0.07373067736625671,0.19454455375671387,-0.5999055504798889]},"cellActivationHidden":{"rows":8,"columns":8,"weights":[-0.5174250602722168,-0.47559577226638794,-0.03500490263104439,-0.20810289680957794,0.1327657699584961,-0.2813108563423157,0.23562419414520264,0.15945008397102356,-0.5860339999198914,-0.5005466938018799,-0.061911992728710175,-0.2655353844165802,0.07084716856479645,-0.3037995994091034,0.2097492218017578,-0.04881436005234718,-0.16368184983730316,-0.16454148292541504,-0.41147637367248535,0.003012634115293622,0.08599971979856491,-0.10634172707796097,0.38639265298843384,-0.10742674022912979,-0.1755232810974121,-0.17248106002807617,0.006567786913365126,-0.5442651510238647,0.1077536940574646,-0.292306512594223,-0.03767118602991104,-0.17599354684352875,0.11860022693872452,0.13624608516693115,0.077900730073452,0.17626000940799713,-0.3519715964794159,0.03885500878095627,-0.06827767938375473,0.08630552887916565,-0.30210208892822266,-0.24767960608005524,-0.10503419488668442,-0.1862373650074005,0.13145439326763153,-0.6152378916740417,0.15763983130455017,-0.5207156538963318,0.16076090931892395,0.13136067986488342,0.38158106803894043,-0.05444393306970596,-0.13806772232055664,0.20633886754512787,-0.3094771206378937,0.1377977430820465,-0.0589199960231781,-0.13184691965579987,-0.02130036987364292,-0.08634394407272339,-0.06186456233263016,-0.30530837178230286,0.04746820405125618,-0.34891438484191895]},"cellActivationBias":{"rows":8,"columns":1,"weights":[0.17080436646938324,0.13737209141254425,-0.039342667907476425,0.033327095210552216,-0.005531785078346729,-0.23496757447719574,0.0005665849894285202,-0.8010882139205933]}}],"outputConnector":{"rows":1,"columns":8,"weights":[-0.031296998262405396,-0.017331808805465698,0.0023712823167443275,0.016087738797068596,-0.00517934188246727,0.15526418387889862,-0.00808719638735056,0.4958827793598175]},"output":{"rows":1,"columns":1,"weights":[0.12876784801483154]},"inputLookup":null,"inputLookupLength":0,"outputLookup":null,"outputLookupLength":0},"sku_max":{"Axial 50 EC":249,"Score 250 EC":240,"Vibrance Integral":284,"Movondo":242,"Alto 5 SC":229,"Topik 15 WP":217,"Cruiser 350 FS":237,"Amistar 250 SC":228,"Actara 25 WG":269,"Vertimec 1.8 EC":270,"Kavach 75 WP":267,"Tilt 250 EC":243},"window":4,