{"model":{"type":"LSTMTimeStep","options":{"inputSize":1,"inputRange":0,"hiddenLayers":[8],"outputSize":1,"decayRate":0.999,"smoothEps":1e-8,"regc":0.000001,"clipval":5,"maxPredictionLength":100,"dataFormatter":{"indexTable":{},"characterTable":{},"characters":[],"specialIndexes":[]}},"hiddenLayers":[{"inputMatrix":{"rows":8,"columns":1,"weights":[-0.027586372569203377,-0.23220355808734894,-0.31395938992500305,-0.06624435633420944,-0.02272188849747181,-0.05249932035803795,-0.02917858399450779,0.21745993196964264]},"inputHidden":{"rows":8,"columns":8,"weights":[0.02976124733686447,-0.05808344855904579,0.059887662529945374,0.013374369591474533,-0.004920050967484713,-0.0532815046608448,-0.014867226593196392,-0.03929627314209938,0.05978347733616829,-0.5002160668373108,0.29648810625076294,0.21654462814331055,-0.06732915341854095,0.014969632029533386,-0.2720493972301483,-0.12358266115188599,0.045736800879240036,-0.3935243785381317,0.6045187711715698,-0.11270659416913986,0.16867461800575256,0.005496874917298555,-0.23579256236553192,-0.12901248037815094,-0.002857827115803957,-0.013722775503993034,0.0729227140545845,-0.055895328521728516,0.0074999392963945866,0.028575148433446884,0.014234635047614574,-0.013686018995940685,0.0338653065264225,0.01993330754339695,0.12566940486431122,0.06396815180778503,0.04796774312853813,0.06508837640285492,0.02043004147708416,-0.07417955994606018,0.03555704653263092,-0.05793633311986923,0.05211491137742996,-0.033524274826049805,-0.07085024565458298,-0.008559620939195156,0.004880466032773256,-0.07408389449119568,0.04377812147140503,-0.08367186039686203,0.13695642352104187,0.06195924058556557,0.0629739984869957,0.03241122514009476,-0.14009316265583038,-0.10225271433591843,-0.015376288443803787,-0.16631707549095154,0.03832503408193588,-0.01608988083899021,0.021268177777528763,-0.049951765686273575,-0.06752949953079224,-0.035339388996362686]},"inputBias":{"rows":8,"columns":1,"weights":[-0.46002376079559326,-0.2563990354537964,-0.33697015047073364,-0.40501299500465393,-0.37477096915245056,-0.37392640113830566,-0.5426575541496277,-0.5732121467590332]},"forgetMatrix":{"rows":8,"columns":1,"weights":[-0.01539670117199421,-0.19311416149139404,-0.04060916602611542,0.017191538587212563,0.024250244721770287,-0.0053574140183627605,0.06946033239364624,0.08970846235752106]},"forgetHidden":{"rows":8,"columns":8,"weights":[0.007574449293315411,-0.04728018864989281,0.06265132129192352,0.024693217128515244,-0.03943939507007599,-0.012261341325938702,-0.05590005964040756,-0.09114793688058853,0.007567545399069786,-0.15606741607189178,0.09343985468149185,0.063181571662426,-0.08884264528751373,0.019391998648643494,-0.01583303138613701,-0.0054841008968651295,-0.006898547522723675,-0.15204840898513794,0.2938147485256195,-0.023764418438076973,0.071757972240448,0.013460488989949226,-0.10020385682582855,-0.004795781336724758,0.06064495071768761,-0.05392150208353996,-0.0335838757455349,0.04424617812037468,-0.0074896421283483505,0.0775013193488121,0.05428176000714302,-0.007003660313785076,0.011461136862635612,0.03065800853073597,-0.05547097325325012,0.06659077107906342,0.046759460121393204,-0.05508693680167198,-0.01583452895283699,-0.02645035833120346,0.05909969285130501,-0.00034814802347682416,0.08772989362478256,-0.0010656402446329594,-0.06355157494544983,-0.03172767162322998,-0.028329169377684593,-0.02483026310801506,0.04860872030258179,-0.05703793093562126,0.027761664241552353,0.05828716605901718,-0.038645222783088684,-0.07482719421386719,-0.009415744803845882,0.04811817407608032,0.024211956188082695,0.01792748086154461,-0.039379797875881195,0.05710001289844513,0.0020936254877597094,0.067646823823452,-0.07708365470170975,-0.1020403504371643]},"forgetBias":{"rows":8,"columns":1,"weights":[0,0,0,0,0,0,0,0]},"outputMatrix":{"rows":8,"columns":1,"weights":[0.005124657414853573,-0.3472725749015808,-0.40077924728393555,-0.07025063782930374,-0.0863894373178482,-0.09656922519207001,0.03486811742186546,0.2729739546775818]},"outputHidden":{"rows":8,"columns":8,"weights":[-0.007670257706195116,-0.1105690747499466,0.12597768008708954,0.034021176397800446,0.10903853923082352,-0.023478947579860687,-0.04453415423631668,-0.13221774995326996,0.14418455958366394,-0.5282596945762634,0.4291667938232422,0.22768272459506989,0.017152423039078712,-0.011026253923773766,-0.3623107075691223,-0.27872055768966675,-0.06576710939407349,-0.33986300230026245,0.5745930075645447,-0.09850849956274033,0.17142710089683533,-0.051809318363666534,-0.18743981420993805,-0.13427738845348358,0.02815902978181839,0.01705220341682434,0.09771497547626495,-0.04352835193276405,-0.07162033766508102,0.08711471408605576,-0.12067677080631256,-0.0006469808868132532,0.014292089268565178,-0.0958450585603714,0.040701959282159805,0.08241885155439377,-0.05326743423938751,0.04023481160402298,-0.04885527864098549,-0.030929844826459885,0.009126102551817894,0.009864406660199165,0.16143472492694855,0.0466553159058094,-0.02607254683971405,0.0713367760181427,-0.10134028643369675,-0.07855164259672165,0.09619710594415665,-0.09809960424900055,0.20355446636676788,0.0054572224617004395,-0.04007588326931,0.06619393080472946,-0.13703562319278717,-0.019490737468004227,0.13501425087451935,-0.06039006635546684,0.2051432728767395,0.0061500235460698605,0.020998142659664154,-0.03685658052563667,-0.11233851313591003,-0.06815186887979507]},"outputBias":{"rows":8,"columns":1,"weights":[-0.46221494674682617,-0.27222156524658203,-0.3478894829750061,-0.4069170355796814,-0.3769604563713074,-0.37592366337776184,-0.5461193323135376,-0.5769752264022827]},"cellActivationMatrix":{"rows":8,"columns":1,"weights":[-0.45913055539131165,-0.17629556357860565,0.022638775408267975,0.31367358565330505,0.20612135529518127,-0.04390905424952507,0.31082776188850403,0.7457650303840637]},"cellActivationHidden":{"rows":8,"columns":8,"weights":[-0.5605165958404541,0.318516343832016,-0.10664530843496323,0.008090976625680923,-0.15157510340213776,0.2530757188796997,0.20947889983654022,-0.03810332715511322,0.5604647994041443,-0.7763067483901978,0.48957979679107666,0.31050893664360046,0.10137283056974411,-0.37166815996170044,-0.41929617524147034,-0.2033586949110031,-0.23453232645988464,0.35554739832878113,-0.4821337163448334,0.08090433478355408,-0.10504866391420364,0.15033425390720367,0.28082093596458435,0.24051977694034576,0.015272549353539944,0.20973800122737885,0.24799291789531708,-0.5699607133865356,0.2551884949207306,-0.00664562126621604,0.270975261926651,0.5151389241218567,-0.06446801871061325,0.5061140060424805,-0.37523046135902405,0.1181161031126976,-0.518325686454773,0.3946717083454132,-0.1454440802335739,0.16899575293064117,0.17437149584293365,-0.36765167117118835,0.07790873944759369,0.13993604481220245,0.30254852771759033,-0.5311774611473083,-0.01995646208524704,-0.41729864478111267,0.2182685136795044,-0.169134721159935,0.18135735392570496,0.240716814994812,-0.24575310945510864,0.06853660196065903,-0.6922248005867004,-0.4128722548484802,-0.10329928994178772,0.46412160992622375,-0.4742733836174011,0.3888079822063446,0.05151420831680298,-0.1609923541545868,-0.267303466796875,-0.6507163643836975]},"cellActivationBias":{"rows":8,"columns":1,"weights":[0.0006270338199101388,0.44130581617355347,-0.37013211846351624,0.07287655770778656,0.02601543813943863,-0.02330007217824459,0.069342240691185,0.16138525307178497]}}],"outputConnector":{"rows":1,"columns":8,"weights":[0.0618717260658741,-0.2278939038515091,0.21601177752017975,-0.020944466814398766,-0.023305315524339676,-0.009709484875202179,-0.1126575917005539,-0.24802160263061523]},"output":{"rows":1,"columns":1,"weights":[0.11859212070703506]},"inputLookup":null,"inputLookupLength":0,"outputLookup":null,"outputLookupLength":0},"sku_max":{"Axial 50 EC":249,"Score 250 EC":240,"Vibrance Integral":284,"Movondo":242,"Alto 5 SC":229,"Topik 15 WP":217,"Cruiser 350 FS":237,"Amistar 250 SC":228,"Actara 25 WG":269,"Vertimec 1.8 EC":270,"Kavach 75 WP":267,"Tilt 250 EC":243},"window":4,